Workbook

Sheet expanded_supply_chain_data
A1: Product type | B1: SKU | C1: Price | D1: Availability | E1: Number of products sold | F1: Revenue generated | G1: Customer demographics | H1: Stock levels | I1: Lead times | J1: Order quantities | K1: Shipping times | L1: Shipping carriers | M1: Shipping costs | N1: Supplier name | O1: Location | P1: Latitude | Q1: Longitude | R1: Lead time | S1: Production volumes | T1: Manufacturing lead time | U1: Manufacturing costs | V1: Inspection results | W1: Defect rates | X1: Transportation modes | Y1: Routes | Z1: Costs
A2: Cosmetics | B2: SKU0 | C2: 27.263729 | D2: 89 | E2: 732 | F2: 17961.345 | G2: Non-binary | H2: 51 | I2: 1 | J2: 67 | K2: 6 | L2: Carrier A | M2: 3.1846804 | N2: Supplier 5 | O2: Houston | P2: =VLOOKUP(O2, Coordinates!$A$2:$C$6, 2, FALSE) -> 29.7604 | Q2: =VLOOKUP(O2, Coordinates!$A$2:$C$6, 3, FALSE) -> -95.3698 | R2: 17 | S2: 219 | T2: 19 | U2: 88.894451 | V2: Pass | W2: 4.2303384 | X2: Sea | Y2: Route A | Z2: 447.33292
A3: skincare | B3: SKU1 | C3: 88.229993 | D3: 56 | E3: 180 | F3: 9665.0633 | G3: Male | H3: 33 | I3: 13 | J3: 22 | K3: 4 | L3: Carrier C | M3: 4.560686 | N3: Supplier 3 | O3: Miami | P3: =VLOOKUP(O3, Coordinates!$A$2:$C$6, 2, FALSE) -> 25.7617 | Q3: =VLOOKUP(O3, Coordinates!$A$2:$C$6, 3, FALSE) -> -80.1918 | R3: 9 | S3: 641 | T3: 7 | U3: 77.537855 | V3: Fail | W3: 0.87655007 | X3: Rail | Y3: Route C | Z3: 575.38546
A4: Skincare | B4: SKU2 | C4: 31.386499 | D4: 94 | E4: 874 | F4: 2139.9029 | G4: Male | H4: 66 | I4: 27 | J4: 82 | K4: 8 | L4: Carrier B | M4: 13.486415 | N4: Supplier 4 | O4: Miami | P4: =VLOOKUP(O4, Coordinates!$A$2:$C$6, 2, FALSE) -> 25.7617 | Q4: =VLOOKUP(O4, Coordinates!$A$2:$C$6, 3, FALSE) -> -80.1918 | R4: 28 | S4: 659 | T4: 26 | U4: 63.234417 | V4: Fail | W4: 3.7227451 | X4: Road | Y4: Route C | Z4: 884.80039
A5: Cosmetics | B5: SKU3 | C5: 24.532826 | D5: 93 | E5: 257 | F5: 5674.4426 | G5: Unknown | H5: 38 | I5: 18 | J5: 15 | K5: 5 | L5: Carrier A | M5: 14.559359 | N5: Supplier 4 | O5: Miami | P5: =VLOOKUP(O5, Coordinates!$A$2:$C$6, 2, FALSE) -> 25.7617 | Q5: =VLOOKUP(O5, Coordinates!$A$2:$C$6, 3, FALSE) -> -80.1918 | R5: 29 | S5: 278 | T5: 14 | U5: 86.900333 | V5: Fail | W5: 3.7581735 | X5: Road | Y5: Route A | Z5: 806.85593
A6: HAIRCARE | B6: SKU4 | C6: 5.0315881 | D6: 84 | E6: 970 | F6: 5328.4745 | G6: Unknown | H6: 7 | I6: 18 | J6: 96 | K6: 5 | L6: Carrier C | M6: 14.279826 | N6: Supplier 1 | O6: Houston | P6: =VLOOKUP(O6, Coordinates!$A$2:$C$6, 2, FALSE) -> 29.7604 | Q6: =VLOOKUP(O6, Coordinates!$A$2:$C$6, 3, FALSE) -> -95.3698 | R6: 9 | S6: 193 | T6: 21 | U6: 33.47042 | V6: Pass | W6: 3.6129092 | X6: Air | Y6: Route A | Z6: 994.77193
A7: Skincare | B7: SKU5 | C7: 6.6803419 | D7: 85 | E7: 250 | F7: 4386.8064 | G7: Female | H7: 95 | I7: 13 | J7: 67 | K7: 9 | L7: Carrier B | M7: 3.7069796 | N7: Supplier 4 | O7: Miami | P7: =VLOOKUP(O7, Coordinates!$A$2:$C$6, 2, FALSE) -> 25.7617 | Q7: =VLOOKUP(O7, Coordinates!$A$2:$C$6, 3, FALSE) -> -80.1918 | R7: 27 | S7: 666 | T7: 14 | U7: 91.848361 | V7: Pending | W7: 4.0351145 | X7: Road | Y7: Route A | Z7: 762.11738
A8: Skincare | B8: SKU6 | C8: 62.242551 | D8: 61 | E8: 743 | F8: 4268.7021 | G8: Male | H8: 28 | I8: 22 | J8: 26 | K8: 8 | L8: Carrier A | M8: 13.612519 | N8: Supplier 2 | O8: Los Angeles | P8: =VLOOKUP(O8, Coordinates!$A$2:$C$6, 2, FALSE) -> 34.0522 | Q8: =VLOOKUP(O8, Coordinates!$A$2:$C$6, 3, FALSE) -> -118.2437 | R8: 28 | S8: 847 | T8: 18 | U8: 43.280915 | V8: Pass | W8: 3.3410593 | X8: Air | Y8: Route A | Z8: 293.07721
A9: Cosmetics | B9: SKU7 | C9: 20.637155 | D9: 22 | E9: 110 | F9: 2043.0784 | G9: Unknown | H9: 21 | I9: 30 | J9: 82 | K9: 8 | L9: Carrier A | M9: 2.9810742 | N9: Supplier 2 | O9: Los Angeles | P9: =VLOOKUP(O9, Coordinates!$A$2:$C$6, 2, FALSE) -> 34.0522 | Q9: =VLOOKUP(O9, Coordinates!$A$2:$C$6, 3, FALSE) -> -118.2437 | R9: 11 | S9: 401 | T9: 10 | U9: 85.280683 | V9: Pass | W9: 1.3946187 | X9: Rail | Y9: Route B | Z9: 726.47214
A10: Haircare | B10: SKU8 | C10: 41.71378 | D10: 35 | E10: 197 | F10: 7169.8476 | G10: Male | H10: 83 | I10: 14 | J10: 21 | K10: 5 | L10: Carrier A | M10: 8.1072429 | N10: Supplier 2 | O10: Miami | P10: =VLOOKUP(O10, Coordinates!$A$2:$C$6, 2, FALSE) -> 25.7617 | Q10: =VLOOKUP(O10, Coordinates!$A$2:$C$6, 3, FALSE) -> -80.1918 | R10: 17 | S10: 898 | T10: 3 | U10: 12.849905 | V10: Pass | W10: 1.3030851 | X10: Sea | Y10: Route B | Z10: 654.18759
A11: HAIRCARE | B11: SKU9 | C11: 58.621904 | D11: 16 | E11: 320 | F11: 4925.9298 | G11: Female | H11: 69 | I11: 11 | J11: 95 | K11: 8 | L11: Carrier A | M11: 10.011287 | N11: Supplier 3 | O11: Miami | P11: =VLOOKUP(O11, Coordinates!$A$2:$C$6, 2, FALSE) -> 25.7617 | Q11: =VLOOKUP(O11, Coordinates!$A$2:$C$6, 3, FALSE) -> -80.1918 | R11: 14 | S11: 517 | T11: 6 | U11: 30.895229 | V11: Pending | W11: 1.6225897 | X11: Sea | Y11: Route A | Z11: 289.1079
A12: Cosmetics | B12: SKU10 | C12: 26.518744 | D12: 50 | E12: 306 | F12: 7303.2622 | G12: Male | H12: 60 | I12: 7 | J12: 61 | K12: 10 | L12: Carrier C | M12: 7.4745362 | N12: Supplier 2 | O12: Chicago | P12: =VLOOKUP(O12, Coordinates!$A$2:$C$6, 2, FALSE) -> 41.8781 | Q12: =VLOOKUP(O12, Coordinates!$A$2:$C$6, 3, FALSE) -> -87.6298 | R12: 18 | S12: 959 | T12: 29 | U12: 83.564232 | V12: Pending | W12: 2.6019818 | X12: Rail | Y12: Route C | Z12: 316.86565
A13: HAIRCARE | B13: SKU11 | C13: 25.116758 | D13: 43 | E13: 552 | F13: 8344.3015 | G13: Female | H13: 42 | I13: 18 | J13: 85 | K13: 7 | L13: Carrier A | M13: 14.325724 | N13: Supplier 2 | O13: New York | P13: =VLOOKUP(O13, Coordinates!$A$2:$C$6, 2, FALSE) -> 40.7128 | Q13: =VLOOKUP(O13, Coordinates!$A$2:$C$6, 3, FALSE) -> -74.006 | R13: 18 | S13: 685 | T13: 22 | U13: 70.441666 | V13: Pass | W13: 4.0222696 | X13: Air | Y13: Route B | Z13: 687.50813
A14: HAIRCARE | B14: SKU12 | C14: 51.037151 | D14: 17 | E14: 958 | F14: 8223.0467 | G14: Female | H14: 48 | I14: 21 | J14: 79 | K14: 1 | L14: Carrier A | M14: 5.6649781 | N14: Supplier 5 | O14: Los Angeles | P14: =VLOOKUP(O14, Coordinates!$A$2:$C$6, 2, FALSE) -> 34.0522 | Q14: =VLOOKUP(O14, Coordinates!$A$2:$C$6, 3, FALSE) -> -118.2437 | R14: 12 | S14: 551 | T14: 23 | U14: 38.739773 | V14: Fail | W14: 2.4932188 | X14: Air | Y14: Route A | Z14: 827.03679
A15: Skincare | B15: SKU13 | C15: 76.654087 | D15: 80 | E15: 720 | F15: 5377.5247 | H15: 28 | I15: 22 | J15: 82 | K15: 7 | L15: Carrier A | M15: 8.3832873 | N15: Supplier 3 | O15: Houston | P15: =VLOOKUP(O15, Coordinates!$A$2:$C$6, 2, FALSE) -> 29.7604 | Q15: =VLOOKUP(O15, Coordinates!$A$2:$C$6, 3, FALSE) -> -95.3698 | R15: 18 | S15: 516 | T15: 22 | U15: 13.722742 | V15: Pass | W15: 1.4902135 | X15: Rail | Y15: Route C | Z15: 786.16366
A16: skincare | B16: SKU14 | C16: 63.852286 | D16: 58 | E16: 938 | F16: 3686.056 | G16: Unknown | H16: 80 | I16: 4 | J16: 61 | K16: 8 | L16: Carrier A | M16: 2.0562991 | N16: Supplier 2 | O16: Houston | P16: =VLOOKUP(O16, Coordinates!$A$2:$C$6, 2, FALSE) -> 29.7604 | Q16: =VLOOKUP(O16, Coordinates!$A$2:$C$6, 3, FALSE) -> -95.3698 | R16: 8 | S16: 923 | T16: 9 | U16: 25.648076 | V16: Fail | W16: 4.4198715 | X16: Road | Y16: Route B | Z16: 645.7707
A17: HAIRCARE | B17: SKU15 | C17: 33.24873 | D17: 2 | E17: 783 | F17: 6742.8345 | G17: Non-binary | H17: 30 | I17: 17 | J17: 46 | K17: 3 | L17: Carrier A | M17: 12.931144 | N17: Supplier 1 | O17: Miami | P17: =VLOOKUP(O17, Coordinates!$A$2:$C$6, 2, FALSE) -> 25.7617 | Q17: =VLOOKUP(O17, Coordinates!$A$2:$C$6, 3, FALSE) -> -80.1918 | R17: 29 | S17: 221 | T17: 14 | U17: 33.324882 | V17: Pass | W17: 0.27544979 | X17: Road | Y17: Route B | Z17: 943.78806
A18: cosmetics | B18: SKU16 | C18: 35.793564 | D18: 4 | E18: 272 | F18: 8762.2645 | G18: Non-binary | H18: 52 | I18: 19 | J18: 12 | K18: 9 | L18: Carrier B | M18: 6.7870875 | N18: Supplier 2 | O18: New York | P18: =VLOOKUP(O18, Coordinates!$A$2:$C$6, 2, FALSE) -> 40.7128 | Q18: =VLOOKUP(O18, Coordinates!$A$2:$C$6, 3, FALSE) -> -74.006 | R18: 8 | S18: 156 | T18: 21 | U18: 90.050286 | V18: Pass | W18: 3.9854574 | X18: Road | Y18: Route A | Z18: 757.94098
A19: Skincare | B19: SKU17 | C19: 21.213152 | D19: 85 | E19: 174 | F19: 3124.0714 | G19: Unknown | H19: 33 | I19: 14 | J19: 17 | K19: 8 | L19: Carrier C | M19: 10.80745 | N19: Supplier 3 | O19: Los Angeles | P19: =VLOOKUP(O19, Coordinates!$A$2:$C$6, 2, FALSE) -> 34.0522 | Q19: =VLOOKUP(O19, Coordinates!$A$2:$C$6, 3, FALSE) -> -118.2437 | R19: 26 | S19: 884 | T19: 21 | U19: 28.33521 | V19: Pending | W19: 3.9219088 | X19: Rail | Y19: Route C | Z19: 587.72436
A20: Haircare | B20: SKU18 | C20: 12.089832 | D20: 39 | E20: 555 | F20: 7574.6319 | G20: Male | H20: 37 | I20: 10 | J20: 19 | K20: 2 | L20: Carrier B | M20: 10.551439 | N20: Supplier 4 | O20: Miami | P20: =VLOOKUP(O20, Coordinates!$A$2:$C$6, 2, FALSE) -> 25.7617 | Q20: =VLOOKUP(O20, Coordinates!$A$2:$C$6, 3, FALSE) -> -80.1918 | R20: 27 | S20: 238 | T20: 24 | U20: 79.206125 | V20: Fail | W20: 3.7801206 | X20: Sea | Y20: Route A | Z20: 834.5845
A21: skincare | B21: SKU19 | C21: 79.356124 | D21: 98 | E21: 833 | F21: 1362.9272 | G21: Unknown | H21: 4 | I21: 23 | J21: 56 | K21: 6 | L21: Carrier C | M21: 10.46768 | N21: Supplier 5 | O21: New York | P21: =VLOOKUP(O21, Coordinates!$A$2:$C$6, 2, FALSE) -> 40.7128 | Q21: =VLOOKUP(O21, Coordinates!$A$2:$C$6, 3, FALSE) -> -74.006 | R21: 8 | S21: 298 | T21: 8 | U21: 47.083028 | V21: Pass | W21: 0.99147591 | X21: Sea | Y21: Route B | Z21: 361.43558
A22: cosmetics | B22: SKU20 | C22: 30.600458 | D22: 94 | E22: 655 | F22: 18038.97 | G22: Male | H22: 100 | I22: 29 | J22: 50 | K22: 4 | L22: Carrier A | M22: 8.0971359 | N22: Supplier 5 | O22: Los Angeles | P22: =VLOOKUP(O22, Coordinates!$A$2:$C$6, 2, FALSE) -> 34.0522 | Q22: =VLOOKUP(O22, Coordinates!$A$2:$C$6, 3, FALSE) -> -118.2437 | R22: 28 | S22: 820 | T22: 1 | U22: 91.844702 | V22: Pending | W22: 4.3735028 | X22: Sea | Y22: Route C | Z22: 337.14347
A23: cosmetics | B23: SKU21 | C23: 35.512889 | D23: 6 | E23: 296 | F23: 9460.6337 | G23: Female | H23: 3 | I23: 6 | J23: 73 | K23: 3 | L23: Carrier C | M23: 4.8852631 | N23: Supplier 3 | O23: Houston | P23: =VLOOKUP(O23, Coordinates!$A$2:$C$6, 2, FALSE) -> 29.7604 | Q23: =VLOOKUP(O23, Coordinates!$A$2:$C$6, 3, FALSE) -> -95.3698 | R23: 20 | S23: 884 | T23: 3 | U23: 89.458225 | V23: Pending | W23: 2.7943565 | X23: Air | Y23: Route B | Z23: 974.30959
A24: Haircare | B24: SKU22 | C24: 70.703715 | D24: 81 | E24: 568 | F24: 2376.4887 | G24: Unknown | H24: 1 | I24: 18 | J24: 51 | K24: 6 | L24: Carrier A | M24: 9.7513238 | N24: Supplier 2 | O24: Houston | P24: =VLOOKUP(O24, Coordinates!$A$2:$C$6, 2, FALSE) -> 29.7604 | Q24: =VLOOKUP(O24, Coordinates!$A$2:$C$6, 3, FALSE) -> -95.3698 | R24: 15 | S24: 460 | T24: 29 | U24: 50.203165 | V24: Fail | W24: 0.23005679 | X24: Rail | Y24: Route A | Z24: 954.83953
A25: skincare | B25: SKU23 | C25: 63.714909 | D25: 89 | E25: 803 | F25: 1620.9101 | G25: Non-binary | H25: 11 | I25: 25 | J25: 52 | K25: 10 | L25: Carrier A | M25: 14.465081 | N25: Supplier 1 | O25: Miami | P25: =VLOOKUP(O25, Coordinates!$A$2:$C$6, 2, FALSE) -> 25.7617 | Q25: =VLOOKUP(O25, Coordinates!$A$2:$C$6, 3, FALSE) -> -80.1918 | R25: 8 | S25: 749 | T25: 22 | U25: 93.489232 | V25: Pending | W25: 4.4541626 | X25: Road | Y25: Route A | Z25: 892.46455
A26: Skincare | B26: SKU24 | C26: 65.153014 | D26: 69 | E26: 929 | F26: 9962.2213 | G26: Male | H26: 2 | I26: 29 | J26: 18 | K26: 9 | L26: Carrier B | M26: 12.67529 | N26: Supplier 2 | O26: New York | P26: =VLOOKUP(O26, Coordinates!$A$2:$C$6, 2, FALSE) -> 40.7128 | Q26: =VLOOKUP(O26, Coordinates!$A$2:$C$6, 3, FALSE) -> -74.006 | R26: 14 | S26: 509 | T26: 6 | U26: 36.915679 | V26: Pass | W26: 1.7450299 | X26: Sea | Y26: Route B | Z26: 292.93219
A27: haircare | B27: SKU25 | C27: 26.744987 | D27: 69 | E27: 145 | F27: 3599.2897 | G27: Unknown | H27: 69 | I27: 11 | J27: 23 | K27: 2 | L27: Carrier B | M27: 2.5227552 | N27: Supplier 2 | O27: Houston | P27: =VLOOKUP(O27, Coordinates!$A$2:$C$6, 2, FALSE) -> 29.7604 | Q27: =VLOOKUP(O27, Coordinates!$A$2:$C$6, 3, FALSE) -> -95.3698 | R27: 13 | S27: 745 | T27: 1 | U27: 46.056363 | V27: Pass | W27: 1.7107828 | X27: Sea | Y27: Route A | Z27: 628.92009
... A37: Cosmetics | B37: SKU35 | C37: 36.865085 | D37: 66 | E37: 257 | F37: 8526.8942 | G37: Unknown | H37: 80 | I37: 20 | J37: 84 | K37: 2 | L37: Carrier B | M37: 7.6116955 | N37: Supplier 3 | O37: Miami | P37: =VLOOKUP(O37, Coordinates!$A$2:$C$6, 2, FALSE) -> 25.7617 | Q37: =VLOOKUP(O37, Coordinates!$A$2:$C$6, 3, FALSE) -> -80.1918 | R37: 7 | S37: 803 | T37: 8 | U37: 90.59747 | V37: Pass | W37: 0.27204414 | X37: Rail | Y37: Route C | Z37: 898.2572
A38: Haircare | B38: SKU36 | C38: 54.922939 | D38: 9 | E38: 782 | F38: 3850.1592 | H38: 67 | I38: 18 | J38: 16 | K38: 1 | L38: Carrier C | M38: 6.7097503 | N38: Supplier 2 | O38: Los Angeles | P38: =VLOOKUP(O38, Coordinates!$A$2:$C$6, 2, FALSE) -> 34.0522 | Q38: =VLOOKUP(O38, Coordinates!$A$2:$C$6, 3, FALSE) -> -118.2437 | R38: 17 | S38: 596 | T38: 29 | U38: 13.408391 | V38: Pass | W38: 4.4726145 | X38: Air | Y38: Route A | Z38: 579.97872
A39: skincare | B39: SKU37 | C39: 50.75531 | D39: 100 | E39: 704 | F39: 7095.7356 | G39: Male | H39: 21 | I39: 27 | J39: 75 | K39: 5 | L39: Carrier C | M39: 5.947062 | N39: Supplier 5 | O39: Chicago | P39: =VLOOKUP(O39, Coordinates!$A$2:$C$6, 2, FALSE) -> 41.8781 | Q39: =VLOOKUP(O39, Coordinates!$A$2:$C$6, 3, FALSE) -> -87.6298 | R39: 29 | S39: 155 | T39: 12 | U39: 82.646079 | V39: Pending | W39: 1.6360791 | X39: Sea | Y39: Route C | Z39: 586.86919
A40: skincare | B40: SKU38 | C40: 21.804279 | D40: 86 | E40: 390 | F40: 3606.2443 | G40: Non-binary | H40: 31 | I40: 21 | J40: 24 | K40: 2 | L40: Carrier A | M40: 6.9222373 | N40: Supplier 4 | O40: Miami | P40: =VLOOKUP(O40, Coordinates!$A$2:$C$6, 2, FALSE) -> 25.7617 | Q40: =VLOOKUP(O40, Coordinates!$A$2:$C$6, 3, FALSE) -> -80.1918 | R40: 29 | S40: 558 | T40: 19 | U40: 97.864904 | V40: Fail | W40: 4.5468509 | X40: Road | Y40: Route C | Z40: 316.174
A41: Cosmetics | B41: SKU39 | C41: 23.007088 | D41: 64 | E41: 234 | F41: 4845.2927 | G41: Non-binary | H41: 21 | I41: 1 | J41: 81 | K41: 8 | L41: Carrier B | M41: 10.43121 | N41: Supplier 1 | O41: New York | P41: =VLOOKUP(O41, Coordinates!$A$2:$C$6, 2, FALSE) -> 40.7128 | Q41: =VLOOKUP(O41, Coordinates!$A$2:$C$6, 3, FALSE) -> -74.006 | R41: 22 | S41: 388 | T41: 14 | U41: 84.012097 | V41: Fail | W41: 4.5802582 | X41: Road | Y41: Route B | Z41: 642.53547
A42: cosmetics | B42: SKU40 | C42: 36.400673 | D42: 86 | E42: 275 | F42: 9009.1667 | G42: Unknown | H42: 26 | I42: 29 | J42: 56 | K42: 8 | L42: Carrier B | M42: 7.0720748 | N42: Supplier 3 | O42: Los Angeles | P42: =VLOOKUP(O42, Coordinates!$A$2:$C$6, 2, FALSE) -> 34.0522 | Q42: =VLOOKUP(O42, Coordinates!$A$2:$C$6, 3, FALSE) -> -118.2437 | R42: 22 | S42: 642 | T42: 30 | U42: 87.33507 | V42: Fail | W42: 4.0526289 | X42: Rail | Y42: Route C | Z42: 443.03458
A43: cosmetics | B43: SKU41 | C43: 29.520006 | D43: 22 | E43: 775 | F43: 20590.204 | G43: Female | H43: 14 | I43: 24 | J43: 99 | K43: 1 | L43: Carrier B | M43: 5.5391344 | N43: Supplier 4 | O43: Miami | P43: =VLOOKUP(O43, Coordinates!$A$2:$C$6, 2, FALSE) -> 25.7617 | Q43: =VLOOKUP(O43, Coordinates!$A$2:$C$6, 3, FALSE) -> -80.1918 | R43: 25 | S43: 569 | T43: 19 | U43: 85.087344 | V43: Pending | W43: 4.299167 | X43: Sea | Y43: Route B | Z43: 682.10335
A44: Cosmetics | B44: SKU42 | C44: 34.920073 | D44: 34 | E44: 815 | F44: 25613.874 | G44: Unknown | H44: 43 | I44: 30 | J44: 49 | K44: 4 | L44: Carrier A | M44: 11.410927 | N44: Supplier 1 | O44: Chicago | P44: =VLOOKUP(O44, Coordinates!$A$2:$C$6, 2, FALSE) -> 41.8781 | Q44: =VLOOKUP(O44, Coordinates!$A$2:$C$6, 3, FALSE) -> -87.6298 | R44: 18 | S44: 488 | T44: 27 | U44: 85.926466 | V44: Pass | W44: 3.5180391 | X44: Air | Y44: Route A | Z44: 370.67172
A45: cosmetics | B45: SKU43 | C45: 24.808443 | D45: 55 | E45: 419 | F45: 9355.2638 | G45: Unknown | H45: 85 | I45: 8 | J45: 51 | K45: 9 | L45: Carrier A | M45: 3.8416 | N45: Supplier 1 | O45: Los Angeles | P45: =VLOOKUP(O45, Coordinates!$A$2:$C$6, 2, FALSE) -> 34.0522 | Q45: =VLOOKUP(O45, Coordinates!$A$2:$C$6, 3, FALSE) -> -118.2437 | R45: 6 | S45: 520 | T45: 17 | U45: 92.913997 | V45: Pass | W45: 4.6045256 | X45: Air | Y45: Route C | Z45: 744.15553
A46: HAIRCARE | B46: SKU44 | C46: 80.082085 | D46: 29 | E46: 202 | F46: 4395.2679 | G46: Non-binary | H46: 91 | I46: 3 | J46: 60 | K46: 5 | L46: Carrier A | M46: 3.8270721 | N46: Supplier 2 | O46: Houston | P46: =VLOOKUP(O46, Coordinates!$A$2:$C$6, 2, FALSE) -> 29.7604 | Q46: =VLOOKUP(O46, Coordinates!$A$2:$C$6, 3, FALSE) -> -95.3698 | R46: 30 | S46: 612 | T46: 28 | U46: 90.121988 | V46: Fail | W46: 4.0604659 | X46: Air | Y46: Route C | Z46: 657.01251
A47: skincare | B47: SKU45 | C47: 60.304082 | D47: 38 | E47: 327 | F47: 6976.6671 | G47: Male | H47: 8 | I47: 1 | J47: 44 | K47: 10 | L47: Carrier C | M47: 10.750098 | N47: Supplier 1 | O47: Chicago | P47: =VLOOKUP(O47, Coordinates!$A$2:$C$6, 2, FALSE) -> 41.8781 | Q47: =VLOOKUP(O47, Coordinates!$A$2:$C$6, 3, FALSE) -> -87.6298 | R47: 10 | S47: 809 | T47: 16 | U47: 80.724972 | V47: Pass | W47: 3.0492953 | X47: Sea | Y47: Route B | Z47: 527.03558
A48: Cosmetics | B48: SKU46 | C48: 29.72314 | D48: 97 | E48: 60 | F48: 1605.0496 | G48: Non-binary | H48: 33 | I48: 20 | J48: 50 | K48: 6 | L48: Carrier C | M48: 13.133891 | N48: Supplier 5 | O48: New York | P48: =VLOOKUP(O48, Coordinates!$A$2:$C$6, 2, FALSE) -> 40.7128 | Q48: =VLOOKUP(O48, Coordinates!$A$2:$C$6, 3, FALSE) -> -74.006 | R48: 18 | S48: 656 | T48: 19 | U48: 81.01717 | V48: Pass | W48: 3.2935135 | X48: Sea | Y48: Route B | Z48: 187.00519
A49: skincare | B49: SKU47 | C49: 23.021011 | D49: 18 | E49: 905 | F49: 2143.3022 | G49: Unknown | H49: 0 | I49: 30 | J49: 94 | K49: 3 | L49: Carrier A | M49: 4.3769518 | N49: Supplier 1 | O49: New York | P49: =VLOOKUP(O49, Coordinates!$A$2:$C$6, 2, FALSE) -> 40.7128 | Q49: =VLOOKUP(O49, Coordinates!$A$2:$C$6, 3, FALSE) -> -74.006 | R49: 24 | S49: 658 | T49: 5 | U49: 15.889825 | V49: Pass | W49: 0.73634212 | X49: Sea | Y49: Route A | Z49: 664.27135
A50: haircare | B50: SKU48 | C50: 63.800078 | D50: 71 | E50: 207 | F50: 1526.8294 | G50: Female | H50: 72 | I50: 16 | J50: 66 | K50: 5 | L50: Carrier A | M50: 3.6757496 | N50: Supplier 5 | O50: New York | P50: =VLOOKUP(O50, Coordinates!$A$2:$C$6, 2, FALSE) -> 40.7128 | Q50: =VLOOKUP(O50, Coordinates!$A$2:$C$6, 3, FALSE) -> -74.006 | R50: 7 | S50: 833 | T50: 22 | U50: 57.317014 | V50: Pass | W50: 2.3508384 | X50: Air | Y50: Route B | Z50: 873.35106
... A55: Skincare | B55: SKU53 | C55: 11.138585 | D55: 4 | E55: 142 | F55: 1142.5426 | G55: Unknown | H55: 71 | I55: 23 | J55: 72 | K55: 4 | L55: Carrier B | M55: 2.284996 | N55: Supplier 3 | O55: Los Angeles | P55: =VLOOKUP(O55, Coordinates!$A$2:$C$6, 2, FALSE) -> 34.0522 | Q55: =VLOOKUP(O55, Coordinates!$A$2:$C$6, 3, FALSE) -> -118.2437 | R55: 22 | S55: 386 | T55: 25 | U55: 54.002144 | V55: Fail | W55: 0.086879818 | X55: Rail | Y55: Route B | Z55: 857.86226
A56: haircare | B56: SKU54 | D56: 4 | E56: 426 | F56: 6020.2911 | G56: Unknown | H56: 57 | I56: 6 | J56: 96 | K56: 4 | L56: Carrier B | M56: 11.882785 | N56: Supplier 3 | O56: Houston | P56: =VLOOKUP(O56, Coordinates!$A$2:$C$6, 2, FALSE) -> 29.7604 | Q56: =VLOOKUP(O56, Coordinates!$A$2:$C$6, 3, FALSE) -> -95.3698 | R56: 25 | S56: 383 | T56: 24 | U56: 44.583367 | V56: Fail | W56: 1.984622 | X56: Sea | Y56: Route B | Z56: 754.85345
A57: Cosmetics | B57: SKU55 | C57: 29.675104 | D57: 82 | E57: 819 | F57: 21873.519 | G57: Male | H57: 91 | I57: 30 | J57: 13 | K57: 9 | L57: Carrier A | M57: 7.3247676 | N57: Supplier 5 | O57: Houston | P57: =VLOOKUP(O57, Coordinates!$A$2:$C$6, 2, FALSE) -> 29.7604 | Q57: =VLOOKUP(O57, Coordinates!$A$2:$C$6, 3, FALSE) -> -95.3698 | R57: 9 | S57: 590 | T57: 1 | U57: 88.912936 | V57: Pass | W57: 1.6109216 | X57: Sea | Y57: Route A | Z57: 282.0685
A58: Haircare | B58: SKU56 | C58: 30.255858 | D58: 27 | E58: 61 | F58: 5558.95 | G58: Female | H58: 18 | I58: 23 | J58: 57 | K58: 9 | L58: Carrier A | M58: 13.011539 | N58: Supplier 2 | O58: Houston | P58: =VLOOKUP(O58, Coordinates!$A$2:$C$6, 2, FALSE) -> 29.7604 | Q58: =VLOOKUP(O58, Coordinates!$A$2:$C$6, 3, FALSE) -> -95.3698 | R58: 26 | S58: 487 | T58: 18 | U58: 27.446044 | V58: Pass | W58: 2.1021603 | X58: Air | Y58: Route A | Z58: 925.40578
A59: skincare | B59: SKU57 | C59: 66.378562 | D59: 43 | E59: 566 | F59: 6065.4721 | G59: Female | H59: 15 | I59: 7 | J59: 61 | K59: 5 | L59: Carrier A | M59: 9.0462711 | N59: Supplier 5 | O59: Los Angeles | P59: =VLOOKUP(O59, Coordinates!$A$2:$C$6, 2, FALSE) -> 34.0522 | Q59: =VLOOKUP(O59, Coordinates!$A$2:$C$6, 3, FALSE) -> -118.2437 | R59: 10 | S59: 800 | T59: 28 | U59: 33.394536 | V59: Pending | W59: 4.6561046 | X59: Road | Y59: Route B | Z59: 221.80583
A60: haircare | B60: SKU58 | C60: 52.436714 | D60: 59 | E60: 75 | F60: 3820.3093 | H60: 74 | I60: 24 | J60: 47 | K60: 3 | L60: Carrier A | M60: 9.662334 | N60: Supplier 5 | O60: New York | P60: =VLOOKUP(O60, Coordinates!$A$2:$C$6, 2, FALSE) -> 40.7128 | Q60: =VLOOKUP(O60, Coordinates!$A$2:$C$6, 3, FALSE) -> -74.006 | R60: 2 | S60: 650 | T60: 15 | U60: 87.289107 | V60: Pass | W60: 3.5354205 | X60: Sea | Y60: Route C | Z60: 436.74646
A61: skincare | B61: SKU59 | C61: 30.271831 | D61: 32 | E61: 915 | F61: 3655.9797 | G61: Unknown | H61: 7 | I61: 16 | J61: 96 | K61: 1 | L61: Carrier A | M61: 14.078722 | N61: Supplier 5 | O61: Los Angeles | P61: =VLOOKUP(O61, Coordinates!$A$2:$C$6, 2, FALSE) -> 34.0522 | Q61: =VLOOKUP(O61, Coordinates!$A$2:$C$6, 3, FALSE) -> -118.2437 | R61: 3 | S61: 694 | T61: 21 | U61: 83.02026 | V61: Pass | W61: 1.6372939 | X61: Air | Y61: Route A | Z61: 506.89747
A62: cosmetics | B62: SKU60 | C62: 29.162043 | D62: 33 | E62: 918 | F62: 24093.68 | G62: Non-binary | H62: 32 | I62: 8 | J62: 14 | K62: 6 | L62: Carrier C | M62: 3.3046225 | N62: Supplier 4 | O62: Miami | P62: =VLOOKUP(O62, Coordinates!$A$2:$C$6, 2, FALSE) -> 25.7617 | Q62: =VLOOKUP(O62, Coordinates!$A$2:$C$6, 3, FALSE) -> -80.1918 | R62: 30 | S62: 507 | T62: 28 | U62: 78.620274 | V62: Fail | W62: 4.2122167 | X62: Air | Y62: Route C | Z62: 168.30618
A63: Haircare | B63: SKU61 | C63: 17.083977 | D63: 28 | E63: 598 | F63: 8841.4929 | G63: Female | H63: 73 | I63: 10 | J63: 94 | K63: 8 | L63: Carrier C | M63: 8.6023392 | N63: Supplier 4 | O63: Miami | P63: =VLOOKUP(O63, Coordinates!$A$2:$C$6, 2, FALSE) -> 25.7617 | Q63: =VLOOKUP(O63, Coordinates!$A$2:$C$6, 3, FALSE) -> -80.1918 | R63: 28 | S63: 426 | T63: 19 | U63: 79.382765 | V63: Fail | W63: 3.8678978 | X63: Road | Y63: Route B | Z63: 412.72678
A64: Haircare | B64: SKU62 | C64: 87.142737 | D64: 55 | E64: 376 | F64: 2733.2347 | G64: Female | H64: 17 | I64: 14 | J64: 79 | K64: 1 | L64: Carrier C | M64: 1.8139404 | N64: Supplier 5 | O64: Chicago | P64: =VLOOKUP(O64, Coordinates!$A$2:$C$6, 2, FALSE) -> 41.8781 | Q64: =VLOOKUP(O64, Coordinates!$A$2:$C$6, 3, FALSE) -> -87.6298 | R64: 23 | S64: 275 | T64: 23 | U64: 51.349374 | V64: Pass | W64: 3.2878813 | X64: Air | Y64: Route B | Z64: 191.69263
A65: haircare | B65: SKU63 | C65: 28.130407 | D65: 100 | E65: 621 | F65: 1878.5688 | G65: Female | H65: 34 | I65: 11 | J65: 90 | K65: 1 | L65: Carrier B | M65: 6.0249507 | N65: Supplier 2 | O65: Los Angeles | P65: =VLOOKUP(O65, Coordinates!$A$2:$C$6, 2, FALSE) -> 34.0522 | Q65: =VLOOKUP(O65, Coordinates!$A$2:$C$6, 3, FALSE) -> -118.2437 | R65: 11 | S65: 620 | T65: 14 | U65: 75.60017 | V65: Pass | W65: 2.4181134 | X65: Road | Y65: Route A | Z65: 810.79695
A66: Haircare | B66: SKU64 | C66: 66.912512 | D66: 60 | E66: 604 | F66: 9080.1623 | G66: Male | H66: 42 | I66: 2 | J66: 98 | K66: 7 | L66: Carrier C | M66: 3.073379 | N66: Supplier 1 | O66: Miami | P66: =VLOOKUP(O66, Coordinates!$A$2:$C$6, 2, FALSE) -> 25.7617 | Q66: =VLOOKUP(O66, Coordinates!$A$2:$C$6, 3, FALSE) -> -80.1918 | R66: 10 | S66: 889 | T66: 27 | U66: 44.848434 | V66: Pass | W66: 1.0638039 | X66: Sea | Y66: Route C | Z66: 142.1453
A67: Skincare | B67: SKU65 | C67: 82.015163 | D67: 70 | E67: 518 | F67: 4149.0592 | G67: Unknown | H67: 49 | I67: 12 | J67: 33 | K67: 7 | L67: Carrier B | M67: 3.6297035 | N67: Supplier 3 | O67: Miami | P67: =VLOOKUP(O67, Coordinates!$A$2:$C$6, 2, FALSE) -> 25.7617 | Q67: =VLOOKUP(O67, Coordinates!$A$2:$C$6, 3, FALSE) -> -80.1918 | R67: 12 | S67: 482 | T67: 6 | U67: 19.063862 | V67: Pass | W67: 0.1427763 | X67: Rail | Y67: Route A | Z67: 115.42291
A68: Haircare | B68: SKU66 | C68: 63.337725 | D68: 62 | E68: 876 | F68: 5961.8565 | G68: Male | H68: 2 | I68: 28 | J68: 95 | K68: 2 | L68: Carrier C | M68: 14.087126 | N68: Supplier 4 | O68: Miami | P68: =VLOOKUP(O68, Coordinates!$A$2:$C$6, 2, FALSE) -> 25.7617 | Q68: =VLOOKUP(O68, Coordinates!$A$2:$C$6, 3, FALSE) -> -80.1918 | R68: 26 | S68: 357 | T68: 18 | U68: 45.403718 | V68: Fail | W68: 4.4813642 | X68: Road | Y68: Route A | Z68: 759.24881
A69: skincare | B69: SKU67 | C69: 86.658697 | D69: 80 | E69: 815 | F69: 4235.8883 | G69: Male | H69: 1 | I69: 24 | J69: 86 | K69: 3 | L69: Carrier A | M69: 9.5495554 | N69: Supplier 1 | O69: New York | P69: =VLOOKUP(O69, Coordinates!$A$2:$C$6, 2, FALSE) -> 40.7128 | Q69: =VLOOKUP(O69, Coordinates!$A$2:$C$6, 3, FALSE) -> -74.006 | R69: 14 | S69: 446 | T69: 8 | U69: 24.279674 | V69: Pass | W69: 2.2858525 | X69: Sea | Y69: Route A | Z69: 802.76348
A70: skincare | B70: SKU68 | C70: 42.277404 | D70: 34 | E70: 998 | F70: 2132.221 | G70: Non-binary | H70: 58 | I70: 20 | J70: 26 | K70: 2 | L70: Carrier C | M70: 13.490214 | N70: Supplier 4 | O70: Miami | P70: =VLOOKUP(O70, Coordinates!$A$2:$C$6, 2, FALSE) -> 25.7617 | Q70: =VLOOKUP(O70, Coordinates!$A$2:$C$6, 3, FALSE) -> -80.1918 | R70: 27 | S70: 371 | T70: 5 | U70: 45.176651 | V70: Fail | W70: 4.4855438 | X70: Sea | Y70: Route B | Z70: 546.06701
A71: Cosmetics | B71: SKU69 | C71: 36.213222 | D71: 87 | E71: 47 | F71: 1531.8193 | G71: Male | H71: 27 | I71: 20 | J71: 87 | K71: 6 | L71: Carrier A | M71: 7.2092826 | N71: Supplier 4 | O71: Miami | P71: =VLOOKUP(O71, Coordinates!$A$2:$C$6, 2, FALSE) -> 25.7617 | Q71: =VLOOKUP(O71, Coordinates!$A$2:$C$6, 3, FALSE) -> -80.1918 | R71: 28 | S71: 360 | T71: 22 | U71: 78.084648 | V71: Pending | W71: 3.8837075 | X71: Rail | Y71: Route C | Z71: 386.08533
A72: skincare | B72: SKU70 | C72: 17.648775 | D72: 88 | E72: 670 | F72: 5726.2677 | G72: Non-binary | H72: 45 | I72: 13 | J72: 99 | K72: 8 | L72: Carrier A | M72: 9.3670069 | N72: Supplier 4 | O72: Miami | P72: =VLOOKUP(O72, Coordinates!$A$2:$C$6, 2, FALSE) -> 25.7617 | Q72: =VLOOKUP(O72, Coordinates!$A$2:$C$6, 3, FALSE) -> -80.1918 | R72: 25 | S72: 495 | T72: 8 | U72: 63.92446 | V72: Fail | W72: 4.5508535 | X72: Air | Y72: Route B | Z72: 312.80782
... A78: cosmetics | B78: SKU76 | C78: 36.447492 | D78: 77 | E78: 399 | F78: 13088.294 | G78: Unknown | H78: 73 | I78: 8 | J78: 31 | K78: 9 | L78: Carrier C | M78: 5.1359218 | N78: Supplier 1 | O78: New York | P78: =VLOOKUP(O78, Coordinates!$A$2:$C$6, 2, FALSE) -> 40.7128 | Q78: =VLOOKUP(O78, Coordinates!$A$2:$C$6, 3, FALSE) -> -74.006 | R78: 27 | S78: 798 | T78: 7 | U78: 79.075355 | V78: Pass | W78: 1.6907206 | X78: Road | Y78: Route B | Z78: 189.79917
A79: haircare | B79: SKU77 | C79: 93.380294 | D79: 43 | E79: 69 | G79: Non-binary | H79: 78 | I79: 16 | J79: 80 | K79: 6 | L79: Carrier A | M79: 7.334819 | N79: Supplier 1 | O79: Miami | P79: =VLOOKUP(O79, Coordinates!$A$2:$C$6, 2, FALSE) -> 25.7617 | Q79: =VLOOKUP(O79, Coordinates!$A$2:$C$6, 3, FALSE) -> -80.1918 | R79: 15 | S79: 447 | T79: 30 | U79: 70.515719 | V79: Pending | W79: 0.056026965 | X79: Air | Y79: Route B | Z79: 703.00902
A80: skincare | B80: SKU78 | C80: 29.040551 | D80: 39 | E80: 294 | F80: 8134.3307 | G80: Female | H80: 30 | I80: 30 | J80: 13 | K80: 3 | L80: Carrier B | M80: 8.498824 | N80: Supplier 2 | O80: Los Angeles | P80: =VLOOKUP(O80, Coordinates!$A$2:$C$6, 2, FALSE) -> 34.0522 | Q80: =VLOOKUP(O80, Coordinates!$A$2:$C$6, 3, FALSE) -> -118.2437 | R80: 7 | S80: 162 | T80: 4 | U80: 95.556389 | V80: Pending | W80: 4.9348864 | X80: Sea | Y80: Route B | Z80: 461.41059
A81: Haircare | B81: SKU79 | C81: 79.21119 | D81: 61 | E81: 380 | F81: 6662.0582 | G81: Male | H81: 92 | I81: 29 | J81: 47 | K81: 1 | L81: Carrier C | M81: 14.89076 | N81: Supplier 2 | O81: New York | P81: =VLOOKUP(O81, Coordinates!$A$2:$C$6, 2, FALSE) -> 40.7128 | Q81: =VLOOKUP(O81, Coordinates!$A$2:$C$6, 3, FALSE) -> -74.006 | R81: 11 | S81: 455 | T81: 13 | U81: 43.439668 | V81: Pass | W81: 2.4523404 | X81: Rail | Y81: Route B | Z81: 316.8549
A82: skincare | B82: SKU80 | C82: 83.387559 | D82: 42 | E82: 773 | F82: 2373.9235 | G82: Unknown | H82: 80 | I82: 29 | J82: 93 | K82: 8 | L82: Carrier C | M82: -10 | N82: Supplier 2 | O82: Miami | P82: =VLOOKUP(O82, Coordinates!$A$2:$C$6, 2, FALSE) -> 25.7617 | Q82: =VLOOKUP(O82, Coordinates!$A$2:$C$6, 3, FALSE) -> -80.1918 | R82: 17 | S82: 380 | T82: 6 | U82: 37.489417 | V82: Fail | W82: 3.928388 | X82: Sea | Y82: Route C | Z82: 713.4347
A83: Haircare | B83: SKU81 | C83: 52.06795 | D83: 81 | E83: 471 | F83: 7391.5594 | G83: Female | H83: 50 | I83: 3 | J83: 79 | K83: 10 | L83: Carrier A | M83: 8.7739139 | N83: Supplier 5 | O83: Chicago | P83: =VLOOKUP(O83, Coordinates!$A$2:$C$6, 2, FALSE) -> 41.8781 | Q83: =VLOOKUP(O83, Coordinates!$A$2:$C$6, 3, FALSE) -> -87.6298 | R83: 5 | S83: 140 | T83: 16 | U83: 25.51541 | V83: Pending | W83: 4.0624557 | X83: Sea | Y83: Route A | Z83: 277.91011
A84: cosmetics | B84: SKU82 | C84: 36.90507 | D84: 79 | E84: 902 | F84: 29959.536 | G84: Male | H84: 28 | I84: 28 | J84: 82 | K84: 3 | L84: Carrier B | M84: 8.428318 | N84: Supplier 5 | O84: Los Angeles | P84: =VLOOKUP(O84, Coordinates!$A$2:$C$6, 2, FALSE) -> 34.0522 | Q84: =VLOOKUP(O84, Coordinates!$A$2:$C$6, 3, FALSE) -> -118.2437 | R84: 9 | S84: 639 | T84: 22 | U84: 78.819666 | V84: Pass | W84: 1.9875834 | X84: Air | Y84: Route B | Z84: 307.82529
A85: cosmetics | B85: SKU83 | C85: 22.365469 | D85: 18 | E85: 217 | F85: 4367.9761 | G85: Male | H85: 14 | I85: 29 | J85: 61 | K85: 7 | L85: Carrier C | M85: 1.9647357 | N85: Supplier 3 | O85: Chicago | P85: =VLOOKUP(O85, Coordinates!$A$2:$C$6, 2, FALSE) -> 41.8781 | Q85: =VLOOKUP(O85, Coordinates!$A$2:$C$6, 3, FALSE) -> -87.6298 | R85: 26 | S85: 466 | T85: 27 | U85: 83.247071 | V85: Pass | W85: 2.7063652 | X85: Road | Y85: Route A | Z85: 998.69109
A86: cosmetics | B86: SKU84 | C86: 37.003058 | D86: 23 | E86: 152 | F86: 5062.0184 | G86: Non-binary | H86: 89 | I86: 13 | J86: 40 | K86: 10 | L86: Carrier B | M86: 9.875137 | N86: Supplier 5 | O86: Houston | P86: =VLOOKUP(O86, Coordinates!$A$2:$C$6, 2, FALSE) -> 29.7604 | Q86: =VLOOKUP(O86, Coordinates!$A$2:$C$6, 3, FALSE) -> -95.3698 | R86: 16 | S86: 376 | T86: 21 | U86: 83.188357 | V86: Pass | W86: 2.6995776 | X86: Air | Y86: Route C | Z86: 899.80185
A87: Haircare | B87: SKU85 | C87: 89.492137 | D87: 54 | E87: 577 | F87: 3996.5522 | G87: Non-binary | H87: 75 | I87: 12 | J87: 35 | K87: 6 | L87: Carrier C | M87: 5.0159621 | N87: Supplier 2 | O87: Houston | P87: =VLOOKUP(O87, Coordinates!$A$2:$C$6, 2, FALSE) -> 29.7604 | Q87: =VLOOKUP(O87, Coordinates!$A$2:$C$6, 3, FALSE) -> -95.3698 | R87: 11 | S87: 320 | T87: 29 | U87: 35.585794 | V87: Pass | W87: 1.10108 | X87: Sea | Y87: Route C | Z87: 727.42521
A88: skincare | B88: SKU86 | C88: 47.808867 | D88: 30 | E88: 475 | F88: 7024.7086 | G88: Female | H88: 24 | I88: 19 | J88: 45 | K88: 3 | L88: Carrier C | M88: 2.4527515 | N88: Supplier 4 | O88: Miami | P88: =VLOOKUP(O88, Coordinates!$A$2:$C$6, 2, FALSE) -> 25.7617 | Q88: =VLOOKUP(O88, Coordinates!$A$2:$C$6, 3, FALSE) -> -80.1918 | R88: 28 | S88: 828 | T88: 1 | U88: 24.19679 | V88: Pending | W88: 3.6763094 | X88: Air | Y88: Route A | Z88: 384.18648
A89: cosmetics | B89: SKU87 | C89: 20.243068 | D89: 98 | E89: 153 | F89: 2787.4705 | G89: Non-binary | H89: 60 | I89: 29 | J89: 35 | K89: 6 | L89: Carrier B | M89: 3.500987 | N89: Supplier 2 | O89: New York | P89: =VLOOKUP(O89, Coordinates!$A$2:$C$6, 2, FALSE) -> 40.7128 | Q89: =VLOOKUP(O89, Coordinates!$A$2:$C$6, 3, FALSE) -> -74.006 | R89: 25 | S89: 833 | T89: 30 | U89: 87.64999 | V89: Fail | W89: 2.7178615 | X89: Rail | Y89: Route C | Z89: 583.04651
A90: Skincare | B90: SKU88 | C90: 15.040881 | D90: 58 | E90: 92 | F90: 6317.8473 | G90: Female | H90: 40 | I90: 2 | J90: 37 | K90: 3 | L90: Carrier B | M90: 12.530445 | N90: Supplier 3 | O90: Los Angeles | P90: =VLOOKUP(O90, Coordinates!$A$2:$C$6, 2, FALSE) -> 34.0522 | Q90: =VLOOKUP(O90, Coordinates!$A$2:$C$6, 3, FALSE) -> -118.2437 | R90: 17 | S90: 160 | T90: 24 | U90: 19.083428 | V90: Fail | W90: 0.60071613 | X90: Sea | Y90: Route B | Z90: 213.95422
A91: Cosmetics | B91: SKU89 | C91: 37.111175 | D91: 68 | E91: 328 | F91: 10955.219 | G91: Female | H91: 68 | I91: 1 | J91: 14 | K91: 9 | L91: Carrier A | M91: 2.4577467 | N91: Supplier 4 | O91: Miami | P91: =VLOOKUP(O91, Coordinates!$A$2:$C$6, 2, FALSE) -> 25.7617 | Q91: =VLOOKUP(O91, Coordinates!$A$2:$C$6, 3, FALSE) -> -80.1918 | R91: 28 | S91: 202 | T91: 13 | U91: 77.072774 | V91: Fail | W91: 3.9908911 | X91: Sea | Y91: Route C | Z91: 400.55637
... A161: HAIRCARE | B161: SKU159 | C161: 10.11653 | D161: 1 | E161: 971 | F161: 8719.8899 | G161: Male | H161: 51 | I161: 23 | J161: 82 | K161: 6 | L161: Carrier B | M161: 9.2871275 | N161: Supplier 4 | O161: Miami | P161: =VLOOKUP(O161, Coordinates!$A$2:$C$6, 2, FALSE) -> 25.7617 | Q161: =VLOOKUP(O161, Coordinates!$A$2:$C$6, 3, FALSE) -> -80.1918 | R161: 28 | S161: 352 | T161: 5 | U161: 76.585071 | V161: Pending | W161: 3.8149183 | X161: Sea | Y161: Route B | Z161: 209.80378
A162: haircare | B162: SKU160 | C162: 35.405684 | D162: 52 | E162: 312 | F162: 5454.8452 | H162: 87 | I162: 6 | J162: 79 | K162: 6 | L162: Carrier A | M162: 8.6828346 | N162: Supplier 3 | O162: New York | P162: =VLOOKUP(O162, Coordinates!$A$2:$C$6, 2, FALSE) -> 40.7128 | Q162: =VLOOKUP(O162, Coordinates!$A$2:$C$6, 3, FALSE) -> -74.006 | R162: 23 | S162: 124 | T162: 25 | U162: 41.8985 | V162: Pass | W162: 3.6493459 | X162: Road | Y162: Route B | Z162: 413.42369
A163: Skincare | B163: SKU161 | C163: 76.552797 | D163: 85 | E163: 95 | F163: 2178.3813 | G163: Female | H163: 82 | I163: 10 | J163: 43 | K163: 6 | L163: Carrier B | M163: 7.5207089 | N163: Supplier 4 | O163: Miami | P163: =VLOOKUP(O163, Coordinates!$A$2:$C$6, 2, FALSE) -> 25.7617 | Q163: =VLOOKUP(O163, Coordinates!$A$2:$C$6, 3, FALSE) -> -80.1918 | R163: 27 | S163: 382 | T163: 14 | U163: 51.946736 | V163: Fail | W163: 3.9451047 | X163: Air | Y163: Route C | Z163: 117.48295
A164: Haircare | B164: SKU162 | C164: 30.586473 | D164: 93 | E164: 397 | F164: 7265.9929 | G164: Unknown | H164: 11 | I164: 10 | J164: 67 | K164: 9 | L164: Carrier C | M164: 11.151885 | N164: Supplier 4 | O164: Miami | P164: =VLOOKUP(O164, Coordinates!$A$2:$C$6, 2, FALSE) -> 25.7617 | Q164: =VLOOKUP(O164, Coordinates!$A$2:$C$6, 3, FALSE) -> -80.1918 | R164: 25 | S164: 662 | T164: 25 | U164: 15.77919 | V164: Fail | W164: 4.5880393 | X164: Road | Y164: Route C | Z164: 903.52294
A165: Cosmetics | B165: SKU163 | C165: 20.709377 | D165: 70 | E165: 538 | F165: 10027.481 | G165: Female | H165: 51 | I165: 16 | J165: 46 | K165: 1 | L165: Carrier C | M165: 13.012759 | N165: Supplier 1 | O165: Miami | P165: =VLOOKUP(O165, Coordinates!$A$2:$C$6, 2, FALSE) -> 25.7617 | Q165: =VLOOKUP(O165, Coordinates!$A$2:$C$6, 3, FALSE) -> -80.1918 | R165: 24 | S165: 986 | T165: 22 | U165: 89.613452 | V165: Pending | W165: 0.68039952 | X165: Rail | Y165: Route A | Z165: 772.30476
A166: Cosmetics | B166: SKU164 | C166: 21.868641 | D166: 37 | E166: 806 | F166: 15863.512 | G166: Non-binary | H166: 0 | I166: 27 | J166: 69 | K166: 10 | L166: Carrier A | M166: 5.2414131 | N166: Supplier 3 | O166: New York | P166: =VLOOKUP(O166, Coordinates!$A$2:$C$6, 2, FALSE) -> 40.7128 | Q166: =VLOOKUP(O166, Coordinates!$A$2:$C$6, 3, FALSE) -> -74.006 | R166: 13 | S166: 719 | T166: 16 | U166: 81.845086 | V166: Pass | W166: 2.92861 | X166: Air | Y166: Route B | Z166: 492.27477
A167: cosmetics | B167: SKU165 | C167: 35.57464 | D167: 65 | E167: 114 | F167: 3649.9581 | G167: Non-binary | H167: 6 | I167: 1 | J167: 21 | K167: 6 | L167: Carrier A | M167: 4.0928487 | N167: Supplier 1 | O167: Los Angeles | P167: =VLOOKUP(O167, Coordinates!$A$2:$C$6, 2, FALSE) -> 34.0522 | Q167: =VLOOKUP(O167, Coordinates!$A$2:$C$6, 3, FALSE) -> -118.2437 | R167: 16 | S167: 337 | T167: 19 | U167: 75.834121 | V167: Pass | W167: 1.0496748 | X167: Air | Y167: Route A | Z167: 784.34929
A168: Cosmetics | B168: SKU166 | C168: 28.735985 | D168: 51 | E168: 565 | F168: 14612.248 | G168: Male | H168: 16 | I168: 16 | J168: 41 | K168: 8 | L168: Carrier B | M168: 10.382788 | N168: Supplier 5 | O168: New York | P168: =VLOOKUP(O168, Coordinates!$A$2:$C$6, 2, FALSE) -> 40.7128 | Q168: =VLOOKUP(O168, Coordinates!$A$2:$C$6, 3, FALSE) -> -74.006 | R168: 13 | S168: 415 | T168: 28 | U168: 86.827606 | V168: Fail | W168: 0.32075724 | X168: Air | Y168: Route A | Z168: 940.07997
A169: HAIRCARE | B169: SKU167 | C169: 13.727734 | D169: 1 | E169: 645 | F169: 2133.4658 | G169: Male | H169: 97 | I169: 4 | J169: 90 | K169: 8 | L169: Carrier B | M169: 13.806254 | N169: Supplier 3 | O169: New York | P169: =VLOOKUP(O169, Coordinates!$A$2:$C$6, 2, FALSE) -> 40.7128 | Q169: =VLOOKUP(O169, Coordinates!$A$2:$C$6, 3, FALSE) -> -74.006 | R169: 25 | S169: 939 | T169: 16 | U169: 66.916836 | V169: Pending | W169: 4.4311569 | X169: Road | Y169: Route B | Z169: 351.90252
A170: haircare | B170: SKU168 | C170: 96.687326 | D170: 91 | E170: 589 | F170: 9127.8776 | G170: Unknown | H170: 42 | I170: 6 | J170: 13 | K170: 3 | L170: Carrier A | M170: 5.8742042 | N170: Supplier 2 | O170: New York | P170: =VLOOKUP(O170, Coordinates!$A$2:$C$6, 2, FALSE) -> 40.7128 | Q170: =VLOOKUP(O170, Coordinates!$A$2:$C$6, 3, FALSE) -> -74.006 | R170: 12 | S170: 562 | T170: 7 | U170: 61.521881 | V170: Pass | W170: 4.3542064 | X170: Sea | Y170: Route C | Z170: 357.23516
A171: Cosmetics | B171: SKU169 | C171: 33.352963 | D171: 21 | E171: 344 | F171: 10326.077 | G171: Male | H171: 70 | I171: 19 | J171: 42 | K171: 5 | L171: Carrier B | M171: 4.8142751 | N171: Supplier 2 | O171: Houston | P171: =VLOOKUP(O171, Coordinates!$A$2:$C$6, 2, FALSE) -> 29.7604 | Q171: =VLOOKUP(O171, Coordinates!$A$2:$C$6, 3, FALSE) -> -95.3698 | R171: 15 | S171: 797 | T171: 3 | U171: 77.40329 | V171: Pass | W171: 4.8795508 | X171: Sea | Y171: Route B | Z171: 534.38633
A172: Cosmetics | B172: SKU170 | C172: 36.40727 | D172: 53 | E172: 569 | F172: 18644.163 | G172: Unknown | H172: 16 | I172: 2 | J172: 52 | K172: 10 | L172: Carrier B | M172: 4.1656048 | N172: Supplier 2 | O172: New York | P172: =VLOOKUP(O172, Coordinates!$A$2:$C$6, 2, FALSE) -> 40.7128 | Q172: =VLOOKUP(O172, Coordinates!$A$2:$C$6, 3, FALSE) -> -74.006 | R172: 29 | S172: 691 | T172: 23 | U172: 82.398394 | V172: Pending | W172: 2.3700238 | X172: Sea | Y172: Route A | Z172: 736.20966
A173: Haircare | B173: SKU171 | C173: 37.526445 | D173: 16 | E173: 983 | F173: 7699.3138 | G173: Non-binary | H173: 58 | I173: 18 | J173: 18 | K173: 4 | L173: Carrier A | M173: 4.5628727 | N173: Supplier 4 | O173: Miami | P173: =VLOOKUP(O173, Coordinates!$A$2:$C$6, 2, FALSE) -> 25.7617 | Q173: =VLOOKUP(O173, Coordinates!$A$2:$C$6, 3, FALSE) -> -80.1918 | R173: 29 | S173: 939 | T173: 8 | U173: 65.886635 | V173: Fail | W173: 4.5956404 | X173: Road | Y173: Route B | Z173: 993.73369
A174: Haircare | B174: SKU172 | C174: 44.274563 | D174: 61 | E174: 360 | F174: 6575.0057 | G174: Non-binary | H174: 2 | I174: 10 | J174: 60 | K174: 1 | L174: Carrier A | M174: 2.8890668 | N174: Supplier 2 | O174: New York | P174: =VLOOKUP(O174, Coordinates!$A$2:$C$6, 2, FALSE) -> 40.7128 | Q174: =VLOOKUP(O174, Coordinates!$A$2:$C$6, 3, FALSE) -> -74.006 | R174: 8 | S174: 707 | T174: 21 | U174: 89.161973 | V174: Fail | W174: 3.8489187 | X174: Rail | Y174: Route C | Z174: 246.63831
... A182: Skincare | B182: SKU180 | C182: 88.328152 | D182: 74 | E182: 150 | F182: 8065.6468 | G182: Female | H182: 29 | I182: 18 | J182: 67 | K182: 5 | L182: Carrier A | M182: 4.801139 | N182: Supplier 3 | O182: Houston | P182: =VLOOKUP(O182, Coordinates!$A$2:$C$6, 2, FALSE) -> 29.7604 | Q182: =VLOOKUP(O182, Coordinates!$A$2:$C$6, 3, FALSE) -> -95.3698 | R182: 10 | S182: 105 | T182: 22 | U182: 46.205945 | V182: Pass | W182: 4.2140743 | X182: Sea | Y182: Route A | Z182: 209.1661
A183: skincare | B183: SKU181 | C183: 46.211049 | D183: 64 | E183: 720 | F183: 8394.1992 | H183: 22 | I183: 16 | J183: 57 | K183: 2 | L183: Carrier C | M183: 12.579832 | N183: Supplier 1 | O183: Houston | P183: =VLOOKUP(O183, Coordinates!$A$2:$C$6, 2, FALSE) -> 29.7604 | Q183: =VLOOKUP(O183, Coordinates!$A$2:$C$6, 3, FALSE) -> -95.3698 | R183: 2 | S183: 633 | T183: 14 | U183: 35.888026 | V183: Fail | W183: 4.0113716 | X183: Rail | Y183: Route C | Z183: 671.55398
A184: cosmetics | B184: SKU182 | C184: 30.277601 | D184: 43 | E184: 878 | F184: 23925.36 | G184: Non-binary | H184: 84 | I184: 13 | J184: 96 | K184: 7 | L184: Carrier A | M184: 3.6186603 | N184: Supplier 4 | O184: Miami | P184: =VLOOKUP(O184, Coordinates!$A$2:$C$6, 2, FALSE) -> 25.7617 | Q184: =VLOOKUP(O184, Coordinates!$A$2:$C$6, 3, FALSE) -> -80.1918 | R184: 26 | S184: 319 | T184: 22 | U184: 91.857139 | V184: Pending | W184: 3.6066623 | X184: Road | Y184: Route B | Z184: 282.14566
A185: Skincare | B185: SKU183 | C185: 58.014021 | D185: 17 | E185: 876 | F185: 2618.1803 | G185: Unknown | H185: 7 | I185: 25 | J185: 67 | K185: 9 | L185: Carrier B | M185: 6.0492557 | N185: Supplier 2 | O185: New York | P185: =VLOOKUP(O185, Coordinates!$A$2:$C$6, 2, FALSE) -> 40.7128 | Q185: =VLOOKUP(O185, Coordinates!$A$2:$C$6, 3, FALSE) -> -74.006 | R185: 27 | S185: 970 | T185: 2 | U185: 95.785554 | V185: Pending | W185: 0.98050326 | X185: Rail | Y185: Route C | Z185: 497.02683
A186: Cosmetics | B186: SKU184 | C186: 23.155448 | D186: 59 | E186: 171 | F186: 3563.6235 | G186: Unknown | H186: 46 | I186: 15 | J186: 66 | K186: 1 | L186: Carrier C | M186: 8.7771639 | N186: Supplier 1 | O186: Houston | P186: =VLOOKUP(O186, Coordinates!$A$2:$C$6, 2, FALSE) -> 29.7604 | Q186: =VLOOKUP(O186, Coordinates!$A$2:$C$6, 3, FALSE) -> -95.3698 | R186: 19 | S186: 111 | T186: 4 | U186: 92.196125 | V186: Pass | W186: 2.4014177 | X186: Rail | Y186: Route C | Z186: 214.12786
A187: Cosmetics | B187: SKU185 | C187: 29.470165 | D187: 23 | E187: 717 | F187: 19017.097 | G187: Non-binary | H187: 20 | I187: 2 | J187: 96 | K187: 2 | L187: Carrier A | M187: 13.140955 | N187: Supplier 1 | O187: Houston | P187: =VLOOKUP(O187, Coordinates!$A$2:$C$6, 2, FALSE) -> 29.7604 | Q187: =VLOOKUP(O187, Coordinates!$A$2:$C$6, 3, FALSE) -> -95.3698 | R187: 20 | S187: 894 | T187: 21 | U187: 80.256623 | V187: Pass | W187: 3.0136297 | X187: Air | Y187: Route A | Z187: -50
A188: Skincare | B188: SKU186 | C188: 88.737824 | D188: 7 | E188: 650 | F188: 7776.8757 | G188: Non-binary | H188: 19 | I188: 20 | J188: 48 | K188: 6 | L188: Carrier B | M188: 6.8597137 | N188: Supplier 4 | O188: Miami | P188: =VLOOKUP(O188, Coordinates!$A$2:$C$6, 2, FALSE) -> 25.7617 | Q188: =VLOOKUP(O188, Coordinates!$A$2:$C$6, 3, FALSE) -> -80.1918 | R188: 29 | S188: 484 | T188: 27 | U188: 21.278733 | V188: Pending | W188: 4.239586 | X188: Road | Y188: Route A | Z188: 461.23784
A189: Cosmetics | B189: SKU187 | C189: 39.26577 | D189: 44 | E189: 727 | F189: 25691.593 | G189: Non-binary | H189: 22 | I189: 4 | J189: 37 | K189: 8 | L189: Carrier C | M189: 6.5804134 | N189: Supplier 2 | O189: Miami | P189: =VLOOKUP(O189, Coordinates!$A$2:$C$6, 2, FALSE) -> 25.7617 | Q189: =VLOOKUP(O189, Coordinates!$A$2:$C$6, 3, FALSE) -> -80.1918 | R189: 20 | S189: 803 | T189: 26 | U189: 86.9101 | V189: Pending | W189: 0.8471187 | X189: Air | Y189: Route A | Z189: 610.52742
A190: HAIRCARE | B190: SKU188 | C190: 23.425617 | D190: 53 | E190: 52 | F190: 1295.4295 | G190: Male | H190: 67 | I190: 1 | J190: 73 | K190: 7 | L190: Carrier C | M190: 9.113524 | N190: Supplier 4 | O190: Miami | P190: =VLOOKUP(O190, Coordinates!$A$2:$C$6, 2, FALSE) -> 25.7617 | Q190: =VLOOKUP(O190, Coordinates!$A$2:$C$6, 3, FALSE) -> -80.1918 | R190: 26 | S190: 557 | T190: 5 | U190: 74.336327 | V190: Fail | W190: 3.7234389 | X190: Air | Y190: Route B | Z190: 571.18809
A191: Skincare | B191: SKU189 | C191: 88.582566 | D191: 71 | E191: 642 | F191: 5210.7352 | G191: Unknown | H191: 20 | I191: 7 | J191: 71 | K191: 9 | L191: Carrier A | M191: 5.4337358 | N191: Supplier 4 | O191: Miami | P191: =VLOOKUP(O191, Coordinates!$A$2:$C$6, 2, FALSE) -> 25.7617 | Q191: =VLOOKUP(O191, Coordinates!$A$2:$C$6, 3, FALSE) -> -80.1918 | R191: 25 | S191: 324 | T191: 19 | U191: 21.653758 | V191: Pending | W191: 4.0310902 | X191: Rail | Y191: Route C | Z191: 724.58632
A192: skincare | B192: SKU190 | C192: 67.46823 | D192: 79 | E192: 927 | F192: 6819.5902 | G192: Unknown | H192: 7 | I192: 22 | J192: 92 | K192: 2 | L192: Carrier B | M192: 10.928426 | N192: Supplier 2 | O192: New York | P192: =VLOOKUP(O192, Coordinates!$A$2:$C$6, 2, FALSE) -> 40.7128 | Q192: =VLOOKUP(O192, Coordinates!$A$2:$C$6, 3, FALSE) -> -74.006 | R192: 6 | S192: 435 | T192: 10 | U192: 29.777781 | V192: Pending | W192: 2.2192467 | X192: Air | Y192: Route C | Z192: 906.02051
A193: Skincare | B193: SKU191 | C193: 34.538248 | D193: 34 | E193: 11 | F193: 8470.2942 | G193: Unknown | H193: 0 | I193: 26 | J193: 71 | K193: 9 | L193: Carrier A | M193: 4.4817432 | N193: Supplier 1 | O193: Los Angeles | P193: =VLOOKUP(O193, Coordinates!$A$2:$C$6, 2, FALSE) -> 34.0522 | Q193: =VLOOKUP(O193, Coordinates!$A$2:$C$6, 3, FALSE) -> -118.2437 | R193: 17 | S193: 266 | T193: 21 | U193: 77.260871 | V193: Fail | W193: 1.0006749 | X193: Sea | Y193: Route A | Z193: 351.7744
A194: Cosmetics | B194: SKU192 | C194: 26.109071 | D194: 46 | E194: 468 | F194: 10997.141 | H194: 14 | I194: 11 | J194: 94 | K194: 4 | L194: Carrier C | M194: 12.524744 | N194: Supplier 1 | O194: Los Angeles | P194: =VLOOKUP(O194, Coordinates!$A$2:$C$6, 2, FALSE) -> 34.0522 | Q194: =VLOOKUP(O194, Coordinates!$A$2:$C$6, 3, FALSE) -> -118.2437 | R194: 12 | S194: 415 | T194: 21 | U194: 93.949173 | V194: Pass | W194: 4.180931 | X194: Sea | Y194: Route C | Z194: 635.65013
...

Sheet Coordinates
A1: Location (Hub) | B1: Latitude | C1: Longitude
A2: Los Angeles | B2: 34.0522 | C2: -118.2437
A3: New York | B3: 40.7128 | C3: -74.006
A4: Chicago | B4: 41.8781 | C4: -87.6298
A5: Houston | B5: 29.7604 | C5: -95.3698
A6: Miami | B6: 25.7617 | C6: -80.1918
